Name,Rating,Price,Address,Phone
LoveMama,4.5,$$,"174 2nd Ave, New York, NY 10003",+12122545370
Benemon,4.5,$$,"108 E 4th St, New York, NY 10003",+12126143006
Antidote,4.5,$$,"66 S 2nd St, Brooklyn, NY 11249",+17187822585
Kuun,4.5,$$$,"290 Livingston St, Brooklyn, NY 11217",+19179091466
Kalye,4.5,$$,"251 Broome St, New York, NY 10002",+16464227267
Joe's Shanghai,4.0,$$,"46 Bowery St, New York, NY 10013",+12122338888
Top Thai Vintage,4.5,$$$,"55 Carmine St, New York, NY 10014",+16466092272
Din Soup Dumplings,4.5,$$,"162 Montague St, Brooklyn, NY 11201",+17185503888
Potluck Club,4.5,,"133 Chrystie St, New York, NY 10002",
Heno Heno,4.5,,"358 W 46th St, New York, NY 10036",+16463988008
Blue Willow 夜来湘,4.5,,"40 W 56th St, New York, NY 10019",+12122132299
The Rogue Panda,4.5,,"55 Water St, Ste 5, Brooklyn, NY 11201",+13055045191
Soothr,4.5,$$,"204 E 13th St, New York, NY 10003",+12128449789
Nyonya,4.0,$$,"199 Grand St, New York, NY 10013",+12123343669
ARIARI,4.5,,"119 1st Ave, New York, NY 10003",+16464227466
Raku,4.5,$$,"48 Macdougal St, New York, NY 10012",+12129894797
Milu,4.5,,"235 Kent Ave, Brooklyn, NY 11249",+19296146514
Her Name Is Han,4.5,$$,"17 E 31st St, New York, NY 10016",+12127799990
Lemongrass Brooklyn,4.0,$$,"156 Court St, Brooklyn, NY 11201",+17185229728
Shu Jiao Fu Zhou,4.5,$,"295 Grand St, New York, NY 10002",+12126252532
Lucky Rabbit Noodles,4.5,$$,"140 Plymouth St, Brooklyn, NY 11201",+13479160098
Very Fresh Noodles,4.5,$$,"409 W 15th St, New York, NY 10011",+13322156161
Bites of Xi'an,4.5,$,"318 Livingston St, Brooklyn, NY 11217",+13478896725
Mama Lee - Williamsburg,4.5,,"66 Grand St, Brooklyn, NY 11249",+17186839820
Verge,5.0,,"159 Franklin St, Brooklyn, NY 11222",+13477213300
8282,4.5,,"84 Stanton St, New York, NY 10002",+19298370360
Uluh,4.5,$$$,"152 2nd Ave, Ste A, New York, NY 10003",+19172615963
Birds of a Feather,4.0,$$,"191 Grand St, Brooklyn, NY 11211",+17189696800
Barn Joo,4.0,$$,"35 Union Sq W, New York, NY 10003",+16463989663
Bangkok Supper Club,4.5,,"641 Hudson St, New York, NY 10014",
Lin & Daughters,4.5,$$,"181 West 4th St, New York, NY 10014",+19176450229
Win Son,4.0,$$,"159 Graham Ave, Brooklyn, NY 11206",+13474576010
Chow House,4.5,$$,"181 Bleecker St, New York, NY 10012",+12128371021
Java Indonesian Restaurant,4.0,$$,"455 7th Ave, Brooklyn, NY 11215",+17188324583
JeJu Noodle Bar,4.0,$$,"679 Greenwich St, New York, NY 10014",+16466660947
Fish Cheeks,4.5,$$,"55 Bond St, New York, NY 10012",+12126772223
Up Thai,4.5,$$,"1411 2nd Ave, New York, NY 10021",+12122561188
Ye's Apothecary,4.5,$$$,"119 Orchard St, New York, NY 10002",
Time Out Market New York,4.0,$$,"55 Water St, Brooklyn, NY 11201",+19178104855
Ichibantei,4.0,$$,"100 3rd Ave, New York, NY 10003",+19179652327
Nowon Bushwick,4.5,,"436 Jefferson St, Brooklyn, NY 11237",+17189719636
Knock Knock,4.5,,"42-44 Crescent St, Long Island City, NY 11101",+19296005568
CHILI,4.5,$$,"13 E 37th St, New York, NY 10016",+16468820666
Ugly Baby,4.0,$$$,"407 Smith St, Brooklyn, NY 11231",+13476893075
Lil Chef Mama,4.5,$$,"27 Cliff St, New York, NY 10038",+16469645555
5ive Spice,4.5,$$,"52 5th Ave, Brooklyn, NY 11217",+17188573483
Rule of Thirds,4.0,,"171 Banker St, Brooklyn, NY 11222",+13473346684
Boran,4.5,$$,"462 Court St, Brooklyn, NY 11231",+17184900207
Tuk Tuk,4.0,$$,"4906 Vernon Blvd, Long Island City, NY 11101",+17184725598
Thursday Kitchen,4.5,$$,"424 E 9th St, New York, NY 10009",
